<?xml version = '1.0' encoding = 'UTF-8'?>
<Table class="oracle.dbtools.crest.model.design.relational.Table" directorySegmentName="seg_0" id="32B5F652-D94D-74E3-DD13-3AC7A2B3BC82" name="TENANT">
<createdBy>akaymehdiratta</createdBy>
<createdTime>2023-09-11 23:15:21 UTC</createdTime>
<generatorID>32105546-E56E-5BB2-4963-18FF2F8B3683</generatorID>
<ownerDesignName>prop_rental</ownerDesignName>
<allowColumnReorder>false</allowColumnReorder>
<existDependencyGenerateInDDl>true</existDependencyGenerateInDDl>
<parsed>true</parsed>
<columns itemClass="oracle.dbtools.crest.model.design.relational.Column">
<Column name="tenant_no" id="CA9B1D5C-4509-8F97-BB05-56BAF16781D9">
<createdBy>akaymehdiratta</createdBy>
<createdTime>2023-09-11 23:15:21 UTC</createdTime>
<commentInRDBMS><![CDATA[tenant number]]></commentInRDBMS>
<generatorID>BDCCD31D-D90A-80B3-D8E0-0B533E7B60B0</generatorID>
<ownerDesignName>prop_rental</ownerDesignName>
<useDomainConstraints>false</useDomainConstraints>
<use>1</use>
<logicalDatatype>LOGDT019</logicalDatatype>
<dataTypePrecision>7</dataTypePrecision>
<ownDataTypeParameters>,7,</ownDataTypeParameters>
<autoIncrementCycle>false</autoIncrementCycle>
</Column>
<Column name="tenant_givname" id="03C17C2E-68AA-05CD-A930-6B0F4AF72C7C">
<createdBy>akaymehdiratta</createdBy>
<createdTime>2023-09-11 23:15:21 UTC</createdTime>
<commentInRDBMS><![CDATA[tenant given name]]></commentInRDBMS>
<generatorID>A00DB084-2422-873A-EF4E-55DE75D4A0F7</generatorID>
<ownerDesignName>prop_rental</ownerDesignName>
<nullsAllowed>true</nullsAllowed>
<useDomainConstraints>false</useDomainConstraints>
<use>1</use>
<logicalDatatype>LOGDT024</logicalDatatype>
<dataTypeSize>50</dataTypeSize>
<ownDataTypeParameters>50,,</ownDataTypeParameters>
<autoIncrementCycle>false</autoIncrementCycle>
</Column>
<Column name="tenant_givname_1" id="5C7975CE-E6A8-44E1-8BF5-C68A99C28BCA">
<createdBy>akaymehdiratta</createdBy>
<createdTime>2023-09-11 23:15:21 UTC</createdTime>
<commentInRDBMS><![CDATA[tenant family name]]></commentInRDBMS>
<generatorID>504B1243-7B74-14CD-AA63-E85286A77B92</generatorID>
<ownerDesignName>prop_rental</ownerDesignName>
<nullsAllowed>true</nullsAllowed>
<useDomainConstraints>false</useDomainConstraints>
<use>1</use>
<logicalDatatype>LOGDT024</logicalDatatype>
<dataTypeSize>50</dataTypeSize>
<ownDataTypeParameters>50,,</ownDataTypeParameters>
<autoIncrementCycle>false</autoIncrementCycle>
</Column>
<Column name="tenant_address" id="DB7DBDDB-4CFF-DC5A-324F-DD1B1E819B1B">
<createdBy>akaymehdiratta</createdBy>
<createdTime>2023-09-11 23:15:21 UTC</createdTime>
<commentInRDBMS><![CDATA[address of tenant]]></commentInRDBMS>
<generatorID>6516957D-92F0-C816-E58C-27D7A74E87E3</generatorID>
<ownerDesignName>prop_rental</ownerDesignName>
<useDomainConstraints>false</useDomainConstraints>
<use>1</use>
<logicalDatatype>LOGDT024</logicalDatatype>
<dataTypeSize>50</dataTypeSize>
<ownDataTypeParameters>50,,</ownDataTypeParameters>
<autoIncrementCycle>false</autoIncrementCycle>
</Column>
<Column name="tenant_phone" id="43D8904B-C502-3FC7-7FC2-804475D87820">
<createdBy>akaymehdiratta</createdBy>
<createdTime>2023-09-11 23:15:21 UTC</createdTime>
<commentInRDBMS><![CDATA[tenant phone number]]></commentInRDBMS>
<generatorID>784FD223-1BED-4420-9D41-8EE83B364D8F</generatorID>
<ownerDesignName>prop_rental</ownerDesignName>
<useDomainConstraints>false</useDomainConstraints>
<use>1</use>
<logicalDatatype>LOGDT019</logicalDatatype>
<dataTypePrecision>10</dataTypePrecision>
<ownDataTypeParameters>,10,</ownDataTypeParameters>
<autoIncrementCycle>false</autoIncrementCycle>
</Column>
</columns>
<indexes itemClass="oracle.dbtools.crest.model.design.relational.Index">
<ind_PK_UK id="8F304B8A-7268-2C10-B89F-6FD0EC8CFF37" name="TENANT_PK">
<createdBy>akaymehdiratta</createdBy>
<createdTime>2023-09-11 23:15:21 UTC</createdTime>
<generatorID>142855E4-9709-7492-CE4C-30D492C1175C</generatorID>
<ownerDesignName>prop_rental</ownerDesignName>
<pk>true</pk>
<indexState>Primary Constraint</indexState>
<isSurrogateKey>false</isSurrogateKey>
<indexColumnUsage>
<colUsage columnID="CA9B1D5C-4509-8F97-BB05-56BAF16781D9"/>
</indexColumnUsage>
</ind_PK_UK>
</indexes>
</Table>
