<?xml version = '1.0' encoding = 'UTF-8'?>
<Table class="oracle.dbtools.crest.model.design.relational.Table" directorySegmentName="seg_0" id="3D6DDFBF-9CDE-50A8-57E0-08D461D1186B" name="OWNER">
<createdBy>akaymehdiratta</createdBy>
<createdTime>2023-09-11 23:15:21 UTC</createdTime>
<generatorID>F1504F81-BF96-C460-8C0F-5333917CF80D</generatorID>
<ownerDesignName>prop_rental</ownerDesignName>
<allowColumnReorder>false</allowColumnReorder>
<existDependencyGenerateInDDl>true</existDependencyGenerateInDDl>
<parsed>true</parsed>
<columns itemClass="oracle.dbtools.crest.model.design.relational.Column">
<Column name="owner_no" id="7B2D0709-AB75-25F0-F3EA-1E3F3509AE91">
<createdBy>akaymehdiratta</createdBy>
<createdTime>2023-09-11 23:15:21 UTC</createdTime>
<commentInRDBMS><![CDATA[owner number]]></commentInRDBMS>
<generatorID>7A0F7D39-EB19-0F24-D35B-CB6C7ED5FB7E</generatorID>
<ownerDesignName>prop_rental</ownerDesignName>
<useDomainConstraints>false</useDomainConstraints>
<use>1</use>
<logicalDatatype>LOGDT019</logicalDatatype>
<dataTypePrecision>7</dataTypePrecision>
<ownDataTypeParameters>,7,</ownDataTypeParameters>
<autoIncrementCycle>false</autoIncrementCycle>
</Column>
<Column name="owner_givname" id="CEE2B0F8-D871-9EBF-EC50-43F8986FCAD2">
<createdBy>akaymehdiratta</createdBy>
<createdTime>2023-09-11 23:15:21 UTC</createdTime>
<commentInRDBMS><![CDATA[owner given name]]></commentInRDBMS>
<generatorID>9DBB4B5C-CFFF-9A09-D853-BBDA017233D6</generatorID>
<ownerDesignName>prop_rental</ownerDesignName>
<nullsAllowed>true</nullsAllowed>
<useDomainConstraints>false</useDomainConstraints>
<use>1</use>
<logicalDatatype>LOGDT024</logicalDatatype>
<dataTypeSize>50</dataTypeSize>
<ownDataTypeParameters>50,,</ownDataTypeParameters>
<autoIncrementCycle>false</autoIncrementCycle>
</Column>
<Column name="owner_famname" id="F7E8BEC1-73F3-A661-69D2-828E00796E91">
<createdBy>akaymehdiratta</createdBy>
<createdTime>2023-09-11 23:15:21 UTC</createdTime>
<commentInRDBMS><![CDATA[owner family name]]></commentInRDBMS>
<generatorID>7BF7C402-B57D-D2D5-00A9-14CE31BC00BE</generatorID>
<ownerDesignName>prop_rental</ownerDesignName>
<nullsAllowed>true</nullsAllowed>
<useDomainConstraints>false</useDomainConstraints>
<use>1</use>
<logicalDatatype>LOGDT024</logicalDatatype>
<dataTypeSize>50</dataTypeSize>
<ownDataTypeParameters>50,,</ownDataTypeParameters>
<autoIncrementCycle>false</autoIncrementCycle>
</Column>
<Column name="owner_address" id="792FD9BA-6033-DC9D-19D1-BDCA4662115F">
<createdBy>akaymehdiratta</createdBy>
<createdTime>2023-09-11 23:15:21 UTC</createdTime>
<commentInRDBMS><![CDATA[owner address]]></commentInRDBMS>
<generatorID>F819A6AD-95F1-1735-7185-4373153B519A</generatorID>
<ownerDesignName>prop_rental</ownerDesignName>
<useDomainConstraints>false</useDomainConstraints>
<use>1</use>
<logicalDatatype>LOGDT024</logicalDatatype>
<dataTypeSize>50</dataTypeSize>
<ownDataTypeParameters>50,,</ownDataTypeParameters>
<autoIncrementCycle>false</autoIncrementCycle>
</Column>
</columns>
<indexes itemClass="oracle.dbtools.crest.model.design.relational.Index">
<ind_PK_UK id="8D724D6F-122A-B763-75C0-472942FF7B55" name="CUSTOMER_PK">
<createdBy>akaymehdiratta</createdBy>
<createdTime>2023-09-11 23:15:21 UTC</createdTime>
<generatorID>719D4D01-CC2F-8CAE-DC52-753D0A9C42BE</generatorID>
<ownerDesignName>prop_rental</ownerDesignName>
<pk>true</pk>
<indexState>Primary Constraint</indexState>
<isSurrogateKey>false</isSurrogateKey>
<indexColumnUsage>
<colUsage columnID="7B2D0709-AB75-25F0-F3EA-1E3F3509AE91"/>
</indexColumnUsage>
</ind_PK_UK>
</indexes>
</Table>
