<?xml version = '1.0' encoding = 'UTF-8'?>
<Table class="oracle.dbtools.crest.model.design.relational.Table" directorySegmentName="seg_0" id="CA5D0DF0-ABB2-C390-78C8-F577F3F15207" name="RENT">
<createdBy>akaymehdiratta</createdBy>
<createdTime>2023-09-11 23:15:21 UTC</createdTime>
<generatorID>C06C5729-86AF-635D-EFF8-2D0AAD9D5787</generatorID>
<ownerDesignName>prop_rental</ownerDesignName>
<allowColumnReorder>false</allowColumnReorder>
<existDependencyGenerateInDDl>true</existDependencyGenerateInDDl>
<parsed>true</parsed>
<columns itemClass="oracle.dbtools.crest.model.design.relational.Column">
<Column name="rent_agreement_no" id="55A34225-605A-8989-8990-E1038984DCC8">
<createdBy>akaymehdiratta</createdBy>
<createdTime>2023-09-11 23:15:21 UTC</createdTime>
<commentInRDBMS><![CDATA[rent agreement number]]></commentInRDBMS>
<generatorID>018067BA-46E5-8D4B-9B8A-77D87CFD7DFE</generatorID>
<ownerDesignName>prop_rental</ownerDesignName>
<useDomainConstraints>false</useDomainConstraints>
<use>1</use>
<logicalDatatype>LOGDT019</logicalDatatype>
<dataTypePrecision>9</dataTypePrecision>
<ownDataTypeParameters>,9,</ownDataTypeParameters>
<autoIncrementCycle>false</autoIncrementCycle>
</Column>
<Column name="rent_lease_start" id="2D0A2CE0-FF86-04D9-B2AA-F7ADE5C2C86A">
<createdBy>akaymehdiratta</createdBy>
<createdTime>2023-09-11 23:15:21 UTC</createdTime>
<commentInRDBMS><![CDATA[start date]]></commentInRDBMS>
<generatorID>3AB01AD5-57EA-AC2C-5F7A-4FD4350E6A20</generatorID>
<ownerDesignName>prop_rental</ownerDesignName>
<useDomainConstraints>false</useDomainConstraints>
<use>1</use>
<logicalDatatype>LOGDT007</logicalDatatype>
<ownDataTypeParameters>,,</ownDataTypeParameters>
<autoIncrementCycle>false</autoIncrementCycle>
</Column>
<Column name="rent_weekly_rate" id="6323478F-CCCD-48EA-040B-4E0C9BF78C73">
<createdBy>akaymehdiratta</createdBy>
<createdTime>2023-09-11 23:15:21 UTC</createdTime>
<commentInRDBMS><![CDATA[weekly rate for rent]]></commentInRDBMS>
<generatorID>9FEC5C26-3775-3B6A-96B7-ADA8BA8E933A</generatorID>
<ownerDesignName>prop_rental</ownerDesignName>
<useDomainConstraints>false</useDomainConstraints>
<use>1</use>
<logicalDatatype>LOGDT019</logicalDatatype>
<dataTypePrecision>7</dataTypePrecision>
<ownDataTypeParameters>,7,</ownDataTypeParameters>
<autoIncrementCycle>false</autoIncrementCycle>
</Column>
<Column name="rent_bond" id="FBF9F071-6BD4-233D-2C10-3F1718545C88">
<createdBy>akaymehdiratta</createdBy>
<createdTime>2023-09-11 23:15:21 UTC</createdTime>
<commentInRDBMS><![CDATA[bond]]></commentInRDBMS>
<generatorID>07C7041E-9457-091F-E64E-31ED4C0D6F09</generatorID>
<ownerDesignName>prop_rental</ownerDesignName>
<useDomainConstraints>false</useDomainConstraints>
<use>1</use>
<logicalDatatype>LOGDT007</logicalDatatype>
<ownDataTypeParameters>,,</ownDataTypeParameters>
<autoIncrementCycle>false</autoIncrementCycle>
</Column>
<Column name="rent_lease_period" id="4C488F83-0506-D294-B35F-AF584254256B">
<createdBy>akaymehdiratta</createdBy>
<createdTime>2023-09-11 23:15:21 UTC</createdTime>
<commentInRDBMS><![CDATA[lease period]]></commentInRDBMS>
<generatorID>86AB4173-88F5-3D70-16D7-680414173A8A</generatorID>
<ownerDesignName>prop_rental</ownerDesignName>
<useDomainConstraints>false</useDomainConstraints>
<use>1</use>
<logicalDatatype>LOGDT007</logicalDatatype>
<ownDataTypeParameters>,,</ownDataTypeParameters>
<autoIncrementCycle>false</autoIncrementCycle>
</Column>
<Column name="prop_no" id="B4F064CB-8743-7F56-5A0F-0F4E82388103">
<createdBy>akaymehdiratta</createdBy>
<createdTime>2023-09-11 23:15:21 UTC</createdTime>
<commentInRDBMS><![CDATA[property number]]></commentInRDBMS>
<generatorID>AEF8F6C8-6FEB-2EAA-CD0C-8C4CCF175BA8</generatorID>
<ownerDesignName>prop_rental</ownerDesignName>
<useDomainConstraints>false</useDomainConstraints>
<use>1</use>
<logicalDatatype>LOGDT019</logicalDatatype>
<dataTypePrecision>7</dataTypePrecision>
<ownDataTypeParameters>,,</ownDataTypeParameters>
<previousColumn>false</previousColumn>
<autoIncrementCycle>false</autoIncrementCycle>
<associations>
<colAssociation fkAssociation="2E5CA3C3-D710-BF06-F6F1-7B54F277270F" referredColumn="244FD118-564A-2705-9518-79DBCAABE83A"/>
</associations>
</Column>
<Column name="tenant_no1" id="0281DB26-6C66-761C-04DA-872E18C2E00C">
<createdBy>akaymehdiratta</createdBy>
<createdTime>2023-09-11 23:15:21 UTC</createdTime>
<commentInRDBMS><![CDATA[tenant number]]></commentInRDBMS>
<generatorID>9AB44A9D-CA79-8DF0-43AE-F3CFEC93A5F8</generatorID>
<ownerDesignName>prop_rental</ownerDesignName>
<useDomainConstraints>false</useDomainConstraints>
<use>1</use>
<logicalDatatype>LOGDT019</logicalDatatype>
<dataTypePrecision>7</dataTypePrecision>
<ownDataTypeParameters>,,</ownDataTypeParameters>
<previousColumn>false</previousColumn>
<autoIncrementCycle>false</autoIncrementCycle>
<associations>
<colAssociation fkAssociation="AA0BCD79-BFE0-3A7E-D8DB-D070F439DA0A" referredColumn="CA9B1D5C-4509-8F97-BB05-56BAF16781D9"/>
</associations>
</Column>
</columns>
<indexes itemClass="oracle.dbtools.crest.model.design.relational.Index">
<ind_PK_UK id="8AE1127A-0830-3F33-4716-E46616267217" name="RENT_PK">
<createdBy>akaymehdiratta</createdBy>
<createdTime>2023-09-11 23:15:21 UTC</createdTime>
<generatorID>B4C8C9FE-F434-1CE3-3137-608169E87909</generatorID>
<ownerDesignName>prop_rental</ownerDesignName>
<pk>true</pk>
<indexState>Primary Constraint</indexState>
<isSurrogateKey>false</isSurrogateKey>
<indexColumnUsage>
<colUsage columnID="55A34225-605A-8989-8990-E1038984DCC8"/>
</indexColumnUsage>
</ind_PK_UK>
<ind_PK_UK id="D8EAB38A-1D9D-D383-7679-3FC6B58A8A9E" name="prop_rent">
<createdBy>akaymehdiratta</createdBy>
<createdTime>2023-09-11 23:15:21 UTC</createdTime>
<generatorID>2CDD16B1-62B6-F81D-B6C5-0D31F51CB94F</generatorID>
<ownerDesignName>prop_rental</ownerDesignName>
<indexState>Foreign Key</indexState>
<isSurrogateKey>false</isSurrogateKey>
<indexColumnUsage>
<colUsage columnID="B4F064CB-8743-7F56-5A0F-0F4E82388103"/>
</indexColumnUsage>
</ind_PK_UK>
<ind_PK_UK id="BF5E1E34-B941-D7D2-68D8-8F2A336EF0CA" name="tenant_rent">
<createdBy>akaymehdiratta</createdBy>
<createdTime>2023-09-11 23:15:21 UTC</createdTime>
<generatorID>9A00E51F-838D-1128-D7FA-96888063FEA3</generatorID>
<ownerDesignName>prop_rental</ownerDesignName>
<indexState>Foreign Key</indexState>
<isSurrogateKey>false</isSurrogateKey>
<indexColumnUsage>
<colUsage columnID="0281DB26-6C66-761C-04DA-872E18C2E00C"/>
</indexColumnUsage>
</ind_PK_UK>
</indexes>
</Table>
