<?xml version = '1.0' encoding = 'UTF-8'?>
<FKIndexAssociation class="oracle.dbtools.crest.model.design.relational.FKIndexAssociation" directorySegmentName="seg_0" id="2E5CA3C3-D710-BF06-F6F1-7B54F277270F" containerWithKeyObject="CA5D0DF0-ABB2-C390-78C8-F577F3F15207" localFKIndex="D8EAB38A-1D9D-D383-7679-3FC6B58A8A9E" name="prop_rent">
<createdBy>akaymehdiratta</createdBy>
<createdTime>2023-09-11 23:15:21 UTC</createdTime>
<generatorID>2CDD16B1-62B6-F81D-B6C5-0D31F51CB94F</generatorID>
<ownerDesignName>prop_rental</ownerDesignName>
<referredTableLongName>PROPERTY</referredTableLongName>
<deleteRule>NO ACTION</deleteRule>
<referredTableID>0F28384A-791F-6E72-42E1-068C34D0A791</referredTableID>
<keyObject>8E4AA977-4964-1904-1C5E-0ACE37FF9E02</keyObject>
<referredKeyID>8E4AA977-4964-1904-1C5E-0ACE37FF9E02</referredKeyID>
<mandatory>true</mandatory>
<refColNames>prop_no</refColNames>
<transferable>true</transferable>
<rely>false</rely>
<columnDependencyConstraintGenerateInDDL>true</columnDependencyConstraintGenerateInDDL>
</FKIndexAssociation>
