<?xml version = '1.0' encoding = 'UTF-8'?>
<Relation class="oracle.dbtools.crest.model.design.logical.Relation" name="property_maint" directorySegmentName="seg_0" id="23A3FDBE-FACB-CE94-5A95-B0B028C2A3A9">
<createdBy>akaymehdiratta</createdBy>
<createdTime>2023-09-11 22:11:46 UTC</createdTime>
<ownerDesignName>prop_rental</ownerDesignName>
<engineerTo>
<item key="B747311C-221A-E36B-6F0E-EEEBBFAE799A" value="true"/>
</engineerTo>
<sourcePk>FB8A0737-12ED-F8D6-1451-7552C46ACABB</sourcePk>
<identifying>true</identifying>
<nameOnSource>requires</nameOnSource>
<nameOnTarget> </nameOnTarget>
<optionalSource>true</optionalSource>
<optionalTarget>false</optionalTarget>
<sourceCardinality>1</sourceCardinality>
<sourceEntity>279D80D4-0137-5FC4-0619-BFD41BAD3691</sourceEntity>
<targetCardinalityString>*</targetCardinalityString>
<targetEntity>8FD3DC99-2DC1-586A-A6C3-C4DCD328972D</targetEntity>
<transferable>true</transferable>
<deleteRule>NO ACTION</deleteRule>
</Relation>
