<?xml version = '1.0' encoding = 'UTF-8'?>
<Relation class="oracle.dbtools.crest.model.design.logical.Relation" name="prop_rent" directorySegmentName="seg_0" id="2CDD16B1-62B6-F81D-B6C5-0D31F51CB94F">
<createdBy>akaymehdiratta</createdBy>
<createdTime>2023-09-11 22:26:46 UTC</createdTime>
<ownerDesignName>prop_rental</ownerDesignName>
<engineerTo>
<item key="B747311C-221A-E36B-6F0E-EEEBBFAE799A" value="true"/>
</engineerTo>
<sourcePk>FB8A0737-12ED-F8D6-1451-7552C46ACABB</sourcePk>
<identifying>false</identifying>
<nameOnSource>has</nameOnSource>
<nameOnTarget> </nameOnTarget>
<optionalSource>true</optionalSource>
<optionalTarget>false</optionalTarget>
<sourceCardinality>1</sourceCardinality>
<sourceEntity>279D80D4-0137-5FC4-0619-BFD41BAD3691</sourceEntity>
<targetCardinalityString>*</targetCardinalityString>
<targetEntity>C06C5729-86AF-635D-EFF8-2D0AAD9D5787</targetEntity>
<transferable>true</transferable>
<deleteRule>NO ACTION</deleteRule>
</Relation>
