<?xml version = '1.0' encoding = 'UTF-8'?>
<Relation class="oracle.dbtools.crest.model.design.logical.Relation" name="damage_pay" directorySegmentName="seg_0" id="99DAEAB5-B9CE-07A0-9B65-826E6B6BBD1D">
<createdBy>akaymehdiratta</createdBy>
<createdTime>2023-09-11 22:58:28 UTC</createdTime>
<ownerDesignName>prop_rental</ownerDesignName>
<engineerTo>
<item key="B747311C-221A-E36B-6F0E-EEEBBFAE799A" value="true"/>
</engineerTo>
<sourcePk>9CDE0BD9-A28A-EEDF-3CC9-F40C356A758C</sourcePk>
<targetPk>21513391-4C09-ECAA-ABC1-032E7AE3B783</targetPk>
<dominantRole>5B758051-4DE4-897E-CC0F-BD4F6FECB027</dominantRole>
<identifying>false</identifying>
<nameOnSource>pays for</nameOnSource>
<nameOnTarget> </nameOnTarget>
<optionalSource>true</optionalSource>
<optionalTarget>false</optionalTarget>
<sourceCardinality>1</sourceCardinality>
<sourceEntity>4ACAD553-9F84-E341-C563-C766BA3FBBD8</sourceEntity>
<targetCardinalityString>1</targetCardinalityString>
<targetEntity>5B758051-4DE4-897E-CC0F-BD4F6FECB027</targetEntity>
<transferable>true</transferable>
<deleteRule>NO ACTION</deleteRule>
</Relation>
