<?xml version = '1.0' encoding = 'UTF-8'?>
<Relation class="oracle.dbtools.crest.model.design.logical.Relation" name="tenant_rent" directorySegmentName="seg_0" id="9A00E51F-838D-1128-D7FA-96888063FEA3">
<createdBy>akaymehdiratta</createdBy>
<createdTime>2023-09-11 22:45:15 UTC</createdTime>
<ownerDesignName>prop_rental</ownerDesignName>
<engineerTo>
<item key="B747311C-221A-E36B-6F0E-EEEBBFAE799A" value="true"/>
</engineerTo>
<sourcePk>142855E4-9709-7492-CE4C-30D492C1175C</sourcePk>
<identifying>false</identifying>
<nameOnSource>contracts</nameOnSource>
<nameOnTarget> </nameOnTarget>
<optionalSource>true</optionalSource>
<optionalTarget>false</optionalTarget>
<sourceCardinality>1</sourceCardinality>
<sourceEntity>32105546-E56E-5BB2-4963-18FF2F8B3683</sourceEntity>
<targetCardinalityString>*</targetCardinalityString>
<targetEntity>C06C5729-86AF-635D-EFF8-2D0AAD9D5787</targetEntity>
<transferable>true</transferable>
<deleteRule>NO ACTION</deleteRule>
</Relation>
