<?xml version = '1.0' encoding = 'UTF-8'?>
<Relation class="oracle.dbtools.crest.model.design.logical.Relation" name="Relation_3" directorySegmentName="seg_0" id="A616C7F2-3276-E001-6E93-7BD9C8A65F09">
<createdBy>akaymehdiratta</createdBy>
<createdTime>2023-09-11 22:07:58 UTC</createdTime>
<ownerDesignName>prop_rental</ownerDesignName>
<engineerTo>
<item key="B747311C-221A-E36B-6F0E-EEEBBFAE799A" value="true"/>
</engineerTo>
<sourcePk>719D4D01-CC2F-8CAE-DC52-753D0A9C42BE</sourcePk>
<identifying>false</identifying>
<nameOnSource>owns</nameOnSource>
<nameOnTarget> </nameOnTarget>
<optionalSource>true</optionalSource>
<optionalTarget>false</optionalTarget>
<sourceCardinality>1</sourceCardinality>
<sourceEntity>F1504F81-BF96-C460-8C0F-5333917CF80D</sourceEntity>
<targetCardinalityString>*</targetCardinalityString>
<targetEntity>279D80D4-0137-5FC4-0619-BFD41BAD3691</targetEntity>
<transferable>true</transferable>
<deleteRule>NO ACTION</deleteRule>
</Relation>
