<?xml version = '1.0' encoding = 'UTF-8'?>
<Relation class="oracle.dbtools.crest.model.design.logical.Relation" name="rent_damage" directorySegmentName="seg_0" id="CEEA7F5F-6A96-D422-01CA-2872EDD2837D">
<createdBy>akaymehdiratta</createdBy>
<createdTime>2023-09-11 22:53:15 UTC</createdTime>
<ownerDesignName>prop_rental</ownerDesignName>
<engineerTo>
<item key="B747311C-221A-E36B-6F0E-EEEBBFAE799A" value="true"/>
</engineerTo>
<sourcePk>B4C8C9FE-F434-1CE3-3137-608169E87909</sourcePk>
<identifying>false</identifying>
<nameOnSource>responsible for</nameOnSource>
<nameOnTarget> </nameOnTarget>
<optionalSource>true</optionalSource>
<optionalTarget>false</optionalTarget>
<sourceCardinality>1</sourceCardinality>
<sourceEntity>C06C5729-86AF-635D-EFF8-2D0AAD9D5787</sourceEntity>
<targetCardinalityString>*</targetCardinalityString>
<targetEntity>4ACAD553-9F84-E341-C563-C766BA3FBBD8</targetEntity>
<transferable>true</transferable>
<deleteRule>NO ACTION</deleteRule>
</Relation>
