<?xml version = '1.0' encoding = 'UTF-8'?>
<Entity class="oracle.dbtools.crest.model.design.logical.Entity" directorySegmentName="seg_0" id="32105546-E56E-5BB2-4963-18FF2F8B3683" name="TENANT">
<createdBy>akaymehdiratta</createdBy>
<createdTime>2023-09-11 22:42:22 UTC</createdTime>
<ownerDesignName>prop_rental</ownerDesignName>
<engineerTo>
<item key="B747311C-221A-E36B-6F0E-EEEBBFAE799A" value="true"/>
</engineerTo>
<adequatelyNormalized>NO</adequatelyNormalized>
<expectedVolumes>0</expectedVolumes>
<fwdEngineeringStrategyName>Single Table</fwdEngineeringStrategyName>
<growthPercent>0</growthPercent>
<growthType>Year</growthType>
<maxVolumes>9999999</maxVolumes>
<minVolumes>0</minVolumes>
<normalForm>Third</normalForm>
<attributes itemClass="oracle.dbtools.crest.model.design.logical.Attribute">
<Attribute name="tenant_no" id="BDCCD31D-D90A-80B3-D8E0-0B533E7B60B0">
<createdBy>akaymehdiratta</createdBy>
<createdTime>2023-09-11 22:42:32 UTC</createdTime>
<commentInRDBMS><![CDATA[tenant number]]></commentInRDBMS>
<ownerDesignName>prop_rental</ownerDesignName>
<engineerTo>
<item key="B747311C-221A-E36B-6F0E-EEEBBFAE799A" value="true"/>
</engineerTo>
<useDomainConstraints>false</useDomainConstraints>
<use>1</use>
<logicalDatatype>LOGDT019</logicalDatatype>
<dataTypePrecision>7</dataTypePrecision>
<ownDataTypeParameters>,7,</ownDataTypeParameters>
</Attribute>
<Attribute name="tenant_givname" id="A00DB084-2422-873A-EF4E-55DE75D4A0F7">
<createdBy>akaymehdiratta</createdBy>
<createdTime>2023-09-11 22:42:57 UTC</createdTime>
<commentInRDBMS><![CDATA[tenant given name]]></commentInRDBMS>
<ownerDesignName>prop_rental</ownerDesignName>
<engineerTo>
<item key="B747311C-221A-E36B-6F0E-EEEBBFAE799A" value="true"/>
</engineerTo>
<nullsAllowed>true</nullsAllowed>
<useDomainConstraints>false</useDomainConstraints>
<use>1</use>
<logicalDatatype>LOGDT024</logicalDatatype>
<dataTypeSize>50</dataTypeSize>
<ownDataTypeParameters>50,,</ownDataTypeParameters>
</Attribute>
<Attribute name="tenant_givname_1" id="504B1243-7B74-14CD-AA63-E85286A77B92">
<createdBy>akaymehdiratta</createdBy>
<createdTime>2023-09-11 22:43:16 UTC</createdTime>
<commentInRDBMS><![CDATA[tenant family name]]></commentInRDBMS>
<ownerDesignName>prop_rental</ownerDesignName>
<engineerTo>
<item key="B747311C-221A-E36B-6F0E-EEEBBFAE799A" value="true"/>
</engineerTo>
<nullsAllowed>true</nullsAllowed>
<useDomainConstraints>false</useDomainConstraints>
<use>1</use>
<logicalDatatype>LOGDT024</logicalDatatype>
<dataTypeSize>50</dataTypeSize>
<ownDataTypeParameters>50,,</ownDataTypeParameters>
</Attribute>
<Attribute name="tenant_address" id="6516957D-92F0-C816-E58C-27D7A74E87E3">
<createdBy>akaymehdiratta</createdBy>
<createdTime>2023-09-11 22:43:39 UTC</createdTime>
<commentInRDBMS><![CDATA[address of tenant]]></commentInRDBMS>
<ownerDesignName>prop_rental</ownerDesignName>
<engineerTo>
<item key="B747311C-221A-E36B-6F0E-EEEBBFAE799A" value="true"/>
</engineerTo>
<useDomainConstraints>false</useDomainConstraints>
<use>1</use>
<logicalDatatype>LOGDT024</logicalDatatype>
<dataTypeSize>50</dataTypeSize>
<ownDataTypeParameters>50,,</ownDataTypeParameters>
</Attribute>
<Attribute name="tenant_phone" id="784FD223-1BED-4420-9D41-8EE83B364D8F">
<createdBy>akaymehdiratta</createdBy>
<createdTime>2023-09-11 22:44:08 UTC</createdTime>
<commentInRDBMS><![CDATA[tenant phone number]]></commentInRDBMS>
<ownerDesignName>prop_rental</ownerDesignName>
<engineerTo>
<item key="B747311C-221A-E36B-6F0E-EEEBBFAE799A" value="true"/>
</engineerTo>
<useDomainConstraints>false</useDomainConstraints>
<use>1</use>
<logicalDatatype>LOGDT019</logicalDatatype>
<dataTypePrecision>10</dataTypePrecision>
<ownDataTypeParameters>,10,</ownDataTypeParameters>
</Attribute>
</attributes>
<identifiers itemClass="oracle.dbtools.crest.model.design.logical.CandidateKey">
<identifier id="142855E4-9709-7492-CE4C-30D492C1175C" name="TENANT PK">
<createdBy>akaymehdiratta</createdBy>
<createdTime>2023-09-11 22:42:43 UTC</createdTime>
<ownerDesignName>prop_rental</ownerDesignName>
<engineerTo>
<item key="B747311C-221A-E36B-6F0E-EEEBBFAE799A" value="true"/>
</engineerTo>
<pk>true</pk>
<usedAttributes>
<attributeRef>BDCCD31D-D90A-80B3-D8E0-0B533E7B60B0</attributeRef>
</usedAttributes>
</identifier>
</identifiers>
</Entity>
