<?xml version = '1.0' encoding = 'UTF-8'?>
<Entity class="oracle.dbtools.crest.model.design.logical.Entity" directorySegmentName="seg_0" id="4ACAD553-9F84-E341-C563-C766BA3FBBD8" name="DAMAGE">
<createdBy>akaymehdiratta</createdBy>
<createdTime>2023-09-11 22:50:49 UTC</createdTime>
<ownerDesignName>prop_rental</ownerDesignName>
<engineerTo>
<item key="B747311C-221A-E36B-6F0E-EEEBBFAE799A" value="true"/>
</engineerTo>
<adequatelyNormalized>NO</adequatelyNormalized>
<expectedVolumes>0</expectedVolumes>
<fwdEngineeringStrategyName>Single Table</fwdEngineeringStrategyName>
<growthPercent>0</growthPercent>
<growthType>Year</growthType>
<maxVolumes>9999999</maxVolumes>
<minVolumes>0</minVolumes>
<normalForm>Third</normalForm>
<attributes itemClass="oracle.dbtools.crest.model.design.logical.Attribute">
<Attribute name="dam_no" id="144BB240-96EB-95FE-7308-8FC5C6A5AB62">
<createdBy>akaymehdiratta</createdBy>
<createdTime>2023-09-11 22:51:01 UTC</createdTime>
<commentInRDBMS><![CDATA[Damage number]]></commentInRDBMS>
<ownerDesignName>prop_rental</ownerDesignName>
<engineerTo>
<item key="B747311C-221A-E36B-6F0E-EEEBBFAE799A" value="true"/>
</engineerTo>
<useDomainConstraints>false</useDomainConstraints>
<use>1</use>
<logicalDatatype>LOGDT019</logicalDatatype>
<dataTypePrecision>7</dataTypePrecision>
<ownDataTypeParameters>,7,</ownDataTypeParameters>
</Attribute>
<Attribute name="dam_datetime" id="3EDD95A0-3042-E3A5-6E1C-0DEECBCCCEAA">
<createdBy>akaymehdiratta</createdBy>
<createdTime>2023-09-11 22:51:22 UTC</createdTime>
<commentInRDBMS><![CDATA[date and time of damage]]></commentInRDBMS>
<ownerDesignName>prop_rental</ownerDesignName>
<engineerTo>
<item key="B747311C-221A-E36B-6F0E-EEEBBFAE799A" value="true"/>
</engineerTo>
<useDomainConstraints>false</useDomainConstraints>
<use>1</use>
<logicalDatatype>LOGDT007</logicalDatatype>
<ownDataTypeParameters>,,</ownDataTypeParameters>
</Attribute>
<Attribute name="dam_cost" id="00666E32-F5FC-BFD1-967C-B48A30029866">
<createdBy>akaymehdiratta</createdBy>
<createdTime>2023-09-11 22:52:27 UTC</createdTime>
<commentInRDBMS><![CDATA[cost of damage]]></commentInRDBMS>
<ownerDesignName>prop_rental</ownerDesignName>
<engineerTo>
<item key="B747311C-221A-E36B-6F0E-EEEBBFAE799A" value="true"/>
</engineerTo>
<useDomainConstraints>false</useDomainConstraints>
<use>1</use>
<logicalDatatype>LOGDT019</logicalDatatype>
<dataTypePrecision>7</dataTypePrecision>
<ownDataTypeParameters>,7,</ownDataTypeParameters>
</Attribute>
<Attribute name="dam_type" id="9F4019CD-2DE5-468F-F53E-4008AAA60CDD">
<createdBy>akaymehdiratta</createdBy>
<createdTime>2023-09-11 22:52:43 UTC</createdTime>
<commentInRDBMS><![CDATA[type of damage]]></commentInRDBMS>
<ownerDesignName>prop_rental</ownerDesignName>
<engineerTo>
<item key="B747311C-221A-E36B-6F0E-EEEBBFAE799A" value="true"/>
</engineerTo>
<useDomainConstraints>false</useDomainConstraints>
<use>1</use>
<logicalDatatype>LOGDT024</logicalDatatype>
<dataTypeSize>50</dataTypeSize>
<ownDataTypeParameters>50,,</ownDataTypeParameters>
</Attribute>
<Attribute name="rent_agreement_no" id="0E8FBCB2-A463-A185-8678-2A3663C5EFDC">
<createdBy>akaymehdiratta</createdBy>
<createdTime>2023-09-11 22:53:15 UTC</createdTime>
<commentInRDBMS><![CDATA[rent agreement number]]></commentInRDBMS>
<generatorID>CEEA7F5F-6A96-D422-01CA-2872EDD2837D</generatorID>
<ownerDesignName>prop_rental</ownerDesignName>
<engineerTo>
<item key="B747311C-221A-E36B-6F0E-EEEBBFAE799A" value="true"/>
</engineerTo>
<referedAttribute>018067BA-46E5-8D4B-9B8A-77D87CFD7DFE</referedAttribute>
<useDomainConstraints>false</useDomainConstraints>
<use>1</use>
<logicalDatatype>LOGDT019</logicalDatatype>
<dataTypePrecision>9</dataTypePrecision>
<ownDataTypeParameters>,,</ownDataTypeParameters>
</Attribute>
<Attribute name=" pay_no" id="6B1FD0A4-2D2A-3DA2-B86F-46EEF06CE4EB">
<createdBy>akaymehdiratta</createdBy>
<createdTime>2023-09-11 22:59:02 UTC</createdTime>
<commentInRDBMS><![CDATA[payment number]]></commentInRDBMS>
<generatorID>99DAEAB5-B9CE-07A0-9B65-826E6B6BBD1D</generatorID>
<ownerDesignName>prop_rental</ownerDesignName>
<engineerTo>
<item key="B747311C-221A-E36B-6F0E-EEEBBFAE799A" value="true"/>
</engineerTo>
<nullsAllowed>true</nullsAllowed>
<referedAttribute>F5B8A37D-2974-EB92-89D2-E62EFE1190A1</referedAttribute>
<useDomainConstraints>false</useDomainConstraints>
<use>1</use>
<logicalDatatype>LOGDT019</logicalDatatype>
<dataTypePrecision>7</dataTypePrecision>
<ownDataTypeParameters>,,</ownDataTypeParameters>
</Attribute>
</attributes>
<identifiers itemClass="oracle.dbtools.crest.model.design.logical.CandidateKey">
<identifier id="9CDE0BD9-A28A-EEDF-3CC9-F40C356A758C" name="DAMAGE PK">
<createdBy>akaymehdiratta</createdBy>
<createdTime>2023-09-11 22:51:06 UTC</createdTime>
<ownerDesignName>prop_rental</ownerDesignName>
<engineerTo>
<item key="B747311C-221A-E36B-6F0E-EEEBBFAE799A" value="true"/>
</engineerTo>
<pk>true</pk>
<usedAttributes>
<attributeRef>144BB240-96EB-95FE-7308-8FC5C6A5AB62</attributeRef>
</usedAttributes>
</identifier>
</identifiers>
</Entity>
