<?xml version = '1.0' encoding = 'UTF-8'?>
<Entity class="oracle.dbtools.crest.model.design.logical.Entity" directorySegmentName="seg_0" id="8FD3DC99-2DC1-586A-A6C3-C4DCD328972D" name="MAINTENANCE">
<createdBy>akaymehdiratta</createdBy>
<createdTime>2023-09-11 22:08:20 UTC</createdTime>
<ownerDesignName>prop_rental</ownerDesignName>
<engineerTo>
<item key="B747311C-221A-E36B-6F0E-EEEBBFAE799A" value="true"/>
</engineerTo>
<adequatelyNormalized>NO</adequatelyNormalized>
<expectedVolumes>0</expectedVolumes>
<fwdEngineeringStrategyName>Single Table</fwdEngineeringStrategyName>
<growthPercent>0</growthPercent>
<growthType>Year</growthType>
<maxVolumes>9999999</maxVolumes>
<minVolumes>0</minVolumes>
<normalForm>Third</normalForm>
<attributes itemClass="oracle.dbtools.crest.model.design.logical.Attribute">
<Attribute name="prop_no1" id="53B7D8E7-283F-711C-7672-FD416B843844">
<createdBy>akaymehdiratta</createdBy>
<createdTime>2023-09-11 22:11:46 UTC</createdTime>
<commentInRDBMS><![CDATA[property number]]></commentInRDBMS>
<generatorID>23A3FDBE-FACB-CE94-5A95-B0B028C2A3A9</generatorID>
<ownerDesignName>prop_rental</ownerDesignName>
<engineerTo>
<item key="B747311C-221A-E36B-6F0E-EEEBBFAE799A" value="true"/>
</engineerTo>
<referedAttribute>6FA564D1-74CF-A3F2-0042-EF4EBB407D92</referedAttribute>
<useDomainConstraints>false</useDomainConstraints>
<use>1</use>
<logicalDatatype>LOGDT019</logicalDatatype>
<dataTypePrecision>7</dataTypePrecision>
<ownDataTypeParameters>,,</ownDataTypeParameters>
</Attribute>
<Attribute name="maint_desc" id="15F94FAE-4DE9-BD08-4078-32BD6C265604">
<createdBy>akaymehdiratta</createdBy>
<createdTime>2023-09-11 22:09:40 UTC</createdTime>
<commentInRDBMS><![CDATA[maintenence description]]></commentInRDBMS>
<ownerDesignName>prop_rental</ownerDesignName>
<engineerTo>
<item key="B747311C-221A-E36B-6F0E-EEEBBFAE799A" value="true"/>
</engineerTo>
<nullsAllowed>true</nullsAllowed>
<useDomainConstraints>false</useDomainConstraints>
<use>1</use>
<logicalDatatype>LOGDT024</logicalDatatype>
<dataTypeSize>50</dataTypeSize>
<ownDataTypeParameters>50,,</ownDataTypeParameters>
</Attribute>
<Attribute name="maint_datetime" id="AF23D4C4-C629-F4B3-7154-EB6DB02A86D9">
<createdBy>akaymehdiratta</createdBy>
<createdTime>2023-09-11 22:09:11 UTC</createdTime>
<commentInRDBMS><![CDATA[maintanence date and time]]></commentInRDBMS>
<ownerDesignName>prop_rental</ownerDesignName>
<engineerTo>
<item key="B747311C-221A-E36B-6F0E-EEEBBFAE799A" value="true"/>
</engineerTo>
<useDomainConstraints>false</useDomainConstraints>
<use>1</use>
<logicalDatatype>LOGDT007</logicalDatatype>
<ownDataTypeParameters>,,</ownDataTypeParameters>
</Attribute>
<Attribute name="maint_cost" id="D2456338-1BA1-525D-3B59-49514BA82420">
<createdBy>akaymehdiratta</createdBy>
<createdTime>2023-09-11 22:10:11 UTC</createdTime>
<commentInRDBMS><![CDATA[maintanence cost]]></commentInRDBMS>
<ownerDesignName>prop_rental</ownerDesignName>
<engineerTo>
<item key="B747311C-221A-E36B-6F0E-EEEBBFAE799A" value="true"/>
</engineerTo>
<useDomainConstraints>false</useDomainConstraints>
<use>1</use>
<logicalDatatype>LOGDT019</logicalDatatype>
<dataTypePrecision>7</dataTypePrecision>
<ownDataTypeParameters>,7,</ownDataTypeParameters>
</Attribute>
</attributes>
<identifiers itemClass="oracle.dbtools.crest.model.design.logical.CandidateKey">
<identifier id="28B4E1A4-373F-5778-0DB6-69D8BFB19426" name="MAINTENANCE PK">
<createdBy>akaymehdiratta</createdBy>
<createdTime>2023-09-11 22:09:01 UTC</createdTime>
<ownerDesignName>prop_rental</ownerDesignName>
<engineerTo>
<item key="B747311C-221A-E36B-6F0E-EEEBBFAE799A" value="true"/>
</engineerTo>
<pk>true</pk>
<usedAttributes>
<attributeRef>AF23D4C4-C629-F4B3-7154-EB6DB02A86D9</attributeRef>
<attributeRef>53B7D8E7-283F-711C-7672-FD416B843844</attributeRef>
</usedAttributes>
</identifier>
</identifiers>
</Entity>
