<?xml version = '1.0' encoding = 'UTF-8'?>
<relationalModel class="oracle.dbtools.crest.model.design.relational.RelationalDesign" name="Relational_1" id="B747311C-221A-E36B-6F0E-EEEBBFAE799A" mainViewID="37F8B82C-BAAA-6112-A22C-DFBD818C03C1">
<createdBy>akaymehdiratta</createdBy>
<createdTime>2023-09-11 21:21:54 UTC</createdTime>
<ownerDesignName>prop_rental</ownerDesignName>
<shouldBeOpen>false</shouldBeOpen>
<selectedRDBMSSite>3FD120B5-9F4E-6278-D5E2-746D192C8319</selectedRDBMSSite>
</relationalModel>