<?xml version = '1.0' encoding = 'UTF-8'?>
<Diagram class="oracle.dbtools.crest.swingui.logical.DPVLogical" name="Logical" id="3F81F217-403B-F437-4254-DF1D4E8F94A3">
<createdBy>akaymehdiratta</createdBy>
<modifiedBy>akaymehdiratta</modifiedBy>
<createdTime>2023-09-11 21:20:52 UTC</createdTime>
<autoRoute>false</autoRoute>
<boxInbox>true</boxInbox>
<showLegend>true</showLegend>
<showLabels>true</showLabels>
<showRelAttributes>true</showRelAttributes>
<gridEnabled>false</gridEnabled>
<showGrid>false</showGrid>
<diagramColor>-1</diagramColor>
<legendPosX>820</legendPosX>
<legendPosY>9</legendPosY>
<display>false</display>
<notation>2</notation>
<showAllDetails>false</showAllDetails>
<showElements>true</showElements>
<objectViews>
<OView class="oracle.dbtools.crest.swingui.logical.TVEntity" oid="279D80D4-0137-5FC4-0619-BFD41BAD3691" otype="Entity" vid="CDF2DE7E-384E-4E14-7ABF-C5F5FB49D7C3">
<hideElementsInCurrentOnly>false</hideElementsInCurrentOnly>
<bounds x="371" y="270" width="122" height="90"/>
</OView>
<OView class="oracle.dbtools.crest.swingui.TVLegend" oid="2A5655E3-AAB2-0D7F-8CDD-924FCC573489" otype="Legend" vid="F2FB74AD-376D-6386-8EFA-71E7AD7306D8">
<hideElementsInCurrentOnly>false</hideElementsInCurrentOnly>
<bounds x="820" y="9" width="226" height="128"/>
</OView>
<OView class="oracle.dbtools.crest.swingui.logical.TVEntity" oid="32105546-E56E-5BB2-4963-18FF2F8B3683" otype="Entity" vid="355509B6-4BDC-0A0F-177D-8C37CEEA9186">
<hideElementsInCurrentOnly>false</hideElementsInCurrentOnly>
<bounds x="351" y="600" width="170" height="110"/>
</OView>
<OView class="oracle.dbtools.crest.swingui.logical.TVEntity" oid="45F80F5B-BB5F-1F91-FCA3-A12EA286EB9F" otype="Entity" vid="5BB7F2AA-B70E-03F6-6F17-FC1EC7A980B7">
<hideElementsInCurrentOnly>false</hideElementsInCurrentOnly>
<bounds x="669" y="288" width="125" height="51"/>
</OView>
<OView class="oracle.dbtools.crest.swingui.logical.TVEntity" oid="4ACAD553-9F84-E341-C563-C766BA3FBBD8" otype="Entity" vid="E6B0A136-E732-A578-EF79-25271DB1879B">
<hideElementsInCurrentOnly>false</hideElementsInCurrentOnly>
<bounds x="0" y="430" width="170" height="110"/>
</OView>
<OView class="oracle.dbtools.crest.swingui.logical.TVEntity" oid="5B758051-4DE4-897E-CC0F-BD4F6FECB027" otype="Entity" vid="B3250C7E-A4B8-1CE6-5B0D-DF5807FB0557">
<hideElementsInCurrentOnly>false</hideElementsInCurrentOnly>
<bounds x="643" y="435" width="158" height="116"/>
</OView>
<OView class="oracle.dbtools.crest.swingui.logical.TVEntity" oid="8FD3DC99-2DC1-586A-A6C3-C4DCD328972D" otype="Entity" vid="206C99B3-D95D-6D7C-26FC-1F12422A0E2D">
<hideElementsInCurrentOnly>false</hideElementsInCurrentOnly>
<bounds x="9" y="265" width="134" height="90"/>
</OView>
<OView class="oracle.dbtools.crest.swingui.logical.TVEntity" oid="C06C5729-86AF-635D-EFF8-2D0AAD9D5787" otype="Entity" vid="DCBB3248-94DC-02E7-F0A6-6576EFCCFF60">
<hideElementsInCurrentOnly>false</hideElementsInCurrentOnly>
<bounds x="358" y="424" width="152" height="116"/>
</OView>
<OView class="oracle.dbtools.crest.swingui.logical.TVEntity" oid="F1504F81-BF96-C460-8C0F-5333917CF80D" otype="Entity" vid="3DE9F2FA-A885-E296-3430-766DCEBAB333">
<hideElementsInCurrentOnly>false</hideElementsInCurrentOnly>
<bounds x="360" y="103" width="138" height="77"/>
</OView>
</objectViews>
<connectors>
<Connector class="oracle.dbtools.crest.swingui.logical.TVRelation" oid="0446F3BA-D215-E90D-83B4-818D5393415A" otype="Relation" vid_source="DCBB3248-94DC-02E7-F0A6-6576EFCCFF60" vid_target="B3250C7E-A4B8-1CE6-5B0D-DF5807FB0557">
<hideElementsInCurrentOnly>false</hideElementsInCurrentOnly>
<backgroundColor>-16777216</backgroundColor>
<lineWidth>1</lineWidth>
<sourceLabel class="oracle.dbtools.crest.model.design.Label">
<site>0</site>
<labelBounds x="520" y="457" width="47" height="30"/>
<noBackgroundColor>true</noBackgroundColor>
<noForegroundColor>true</noForegroundColor>
</sourceLabel>
<targetLabel class="oracle.dbtools.crest.model.design.Label">
<site>2</site>
<labelBounds x="619" y="490" width="18" height="30"/>
<noBackgroundColor>true</noBackgroundColor>
<noForegroundColor>true</noForegroundColor>
</targetLabel>
<points>
<point x="510" y="487"/>
<point x="643" y="487"/>
</points>
</Connector>
<Connector class="oracle.dbtools.crest.swingui.logical.TVRelation" oid="23A3FDBE-FACB-CE94-5A95-B0B028C2A3A9" otype="Relation" vid_source="CDF2DE7E-384E-4E14-7ABF-C5F5FB49D7C3" vid_target="206C99B3-D95D-6D7C-26FC-1F12422A0E2D">
<hideElementsInCurrentOnly>false</hideElementsInCurrentOnly>
<backgroundColor>-16777216</backgroundColor>
<lineWidth>1</lineWidth>
<sourceLabel class="oracle.dbtools.crest.model.design.Label">
<site>0</site>
<labelBounds x="310" y="282" width="55" height="30"/>
<noBackgroundColor>true</noBackgroundColor>
<noForegroundColor>true</noForegroundColor>
</sourceLabel>
<targetLabel class="oracle.dbtools.crest.model.design.Label">
<site>2</site>
<labelBounds x="153" y="315" width="18" height="30"/>
<noBackgroundColor>true</noBackgroundColor>
<noForegroundColor>true</noForegroundColor>
</targetLabel>
<points>
<point x="227" y="311"/>
<point x="143" y="312"/>
</points>
</Connector>
<Connector class="oracle.dbtools.crest.swingui.logical.TVRelation" oid="2CDD16B1-62B6-F81D-B6C5-0D31F51CB94F" otype="Relation" vid_source="CDF2DE7E-384E-4E14-7ABF-C5F5FB49D7C3" vid_target="DCBB3248-94DC-02E7-F0A6-6576EFCCFF60">
<hideElementsInCurrentOnly>false</hideElementsInCurrentOnly>
<backgroundColor>-16777216</backgroundColor>
<lineWidth>1</lineWidth>
<sourceLabel class="oracle.dbtools.crest.model.design.Label">
<site>0</site>
<labelBounds x="432" y="412" width="32" height="30"/>
<noBackgroundColor>true</noBackgroundColor>
<noForegroundColor>true</noForegroundColor>
</sourceLabel>
<targetLabel class="oracle.dbtools.crest.model.design.Label">
<site>2</site>
<labelBounds x="432" y="388" width="18" height="30"/>
<noBackgroundColor>true</noBackgroundColor>
<noForegroundColor>true</noForegroundColor>
</targetLabel>
<points>
<point x="432" y="360"/>
<point x="288" y="428"/>
</points>
</Connector>
<Connector class="oracle.dbtools.crest.swingui.logical.TVRelation" oid="7FEDD933-2B9E-9E62-006C-F3E0CB88D202" otype="Relation" vid_source="5BB7F2AA-B70E-03F6-6F17-FC1EC7A980B7" vid_target="B3250C7E-A4B8-1CE6-5B0D-DF5807FB0557">
<hideElementsInCurrentOnly>false</hideElementsInCurrentOnly>
<backgroundColor>-16777216</backgroundColor>
<lineWidth>1</lineWidth>
<sourceLabel class="oracle.dbtools.crest.model.design.Label">
<site>0</site>
<labelBounds x="761" y="375" width="65" height="30"/>
<noBackgroundColor>true</noBackgroundColor>
<noForegroundColor>true</noForegroundColor>
</sourceLabel>
<targetLabel class="oracle.dbtools.crest.model.design.Label">
<site>2</site>
<labelBounds x="761" y="383" width="18" height="30"/>
<noBackgroundColor>true</noBackgroundColor>
<noForegroundColor>true</noForegroundColor>
</targetLabel>
<points>
<point x="761" y="339"/>
<point x="761" y="435"/>
</points>
</Connector>
<Connector class="oracle.dbtools.crest.swingui.logical.TVRelation" oid="99DAEAB5-B9CE-07A0-9B65-826E6B6BBD1D" otype="Relation" vid_source="E6B0A136-E732-A578-EF79-25271DB1879B" vid_target="B3250C7E-A4B8-1CE6-5B0D-DF5807FB0557">
<hideElementsInCurrentOnly>false</hideElementsInCurrentOnly>
<backgroundColor>-16777216</backgroundColor>
<lineWidth>1</lineWidth>
<sourceLabel class="oracle.dbtools.crest.model.design.Label">
<site>0</site>
<labelBounds x="131" y="584" width="54" height="30"/>
<noBackgroundColor>true</noBackgroundColor>
<noForegroundColor>true</noForegroundColor>
</sourceLabel>
<targetLabel class="oracle.dbtools.crest.model.design.Label">
<site>2</site>
<labelBounds x="718" y="595" width="18" height="30"/>
<noBackgroundColor>true</noBackgroundColor>
<noForegroundColor>true</noForegroundColor>
</targetLabel>
<points>
<point x="131" y="540"/>
<point x="131" y="778"/>
<point x="718" y="783"/>
<point x="718" y="551"/>
</points>
</Connector>
<Connector class="oracle.dbtools.crest.swingui.logical.TVRelation" oid="9A00E51F-838D-1128-D7FA-96888063FEA3" otype="Relation" vid_source="355509B6-4BDC-0A0F-177D-8C37CEEA9186" vid_target="DCBB3248-94DC-02E7-F0A6-6576EFCCFF60">
<hideElementsInCurrentOnly>false</hideElementsInCurrentOnly>
<backgroundColor>-16777216</backgroundColor>
<lineWidth>1</lineWidth>
<sourceLabel class="oracle.dbtools.crest.model.design.Label">
<site>0</site>
<labelBounds x="449" y="564" width="60" height="30"/>
<noBackgroundColor>true</noBackgroundColor>
<noForegroundColor>true</noForegroundColor>
</sourceLabel>
<targetLabel class="oracle.dbtools.crest.model.design.Label">
<site>2</site>
<labelBounds x="449" y="592" width="18" height="30"/>
<noBackgroundColor>true</noBackgroundColor>
<noForegroundColor>true</noForegroundColor>
</targetLabel>
<points>
<point x="449" y="600"/>
<point x="449" y="540"/>
</points>
</Connector>
<Connector class="oracle.dbtools.crest.swingui.logical.TVRelation" oid="A616C7F2-3276-E001-6E93-7BD9C8A65F09" otype="Relation" vid_source="3DE9F2FA-A885-E296-3430-766DCEBAB333" vid_target="CDF2DE7E-384E-4E14-7ABF-C5F5FB49D7C3">
<hideElementsInCurrentOnly>false</hideElementsInCurrentOnly>
<backgroundColor>-16777216</backgroundColor>
<lineWidth>1</lineWidth>
<sourceLabel class="oracle.dbtools.crest.model.design.Label">
<site>0</site>
<labelBounds x="417" y="216" width="40" height="30"/>
<noBackgroundColor>true</noBackgroundColor>
<noForegroundColor>true</noForegroundColor>
</sourceLabel>
<targetLabel class="oracle.dbtools.crest.model.design.Label">
<site>2</site>
<labelBounds x="417" y="234" width="18" height="30"/>
<noBackgroundColor>true</noBackgroundColor>
<noForegroundColor>true</noForegroundColor>
</targetLabel>
<points>
<point x="417" y="180"/>
<point x="272" y="268"/>
</points>
</Connector>
<Connector class="oracle.dbtools.crest.swingui.logical.TVRelation" oid="CEEA7F5F-6A96-D422-01CA-2872EDD2837D" otype="Relation" vid_source="DCBB3248-94DC-02E7-F0A6-6576EFCCFF60" vid_target="E6B0A136-E732-A578-EF79-25271DB1879B">
<hideElementsInCurrentOnly>false</hideElementsInCurrentOnly>
<backgroundColor>-16777216</backgroundColor>
<lineWidth>1</lineWidth>
<sourceLabel class="oracle.dbtools.crest.model.design.Label">
<site>0</site>
<labelBounds x="264" y="455" width="88" height="30"/>
<noBackgroundColor>true</noBackgroundColor>
<noForegroundColor>true</noForegroundColor>
</sourceLabel>
<targetLabel class="oracle.dbtools.crest.model.design.Label">
<site>2</site>
<labelBounds x="180" y="488" width="18" height="30"/>
<noBackgroundColor>true</noBackgroundColor>
<noForegroundColor>true</noForegroundColor>
</targetLabel>
<points>
<point x="358" y="485"/>
<point x="170" y="485"/>
</points>
</Connector>
</connectors>
</Diagram>
